,title,year,duration,stars,people,image_url
0,Cadena perpetua,1994,2h 22m,"9,3"," 2,9 M","https://m.media-amazon.com/images/M/MV5BMTA1MjE0Nzk4MDleQTJeQWpwZ15BbWU4MDA0NjIxMjAx._V1_QL75_UY207_CR6,0,140,207_.jpg"
1,El padrino,1972,2h 55m,"9,2"," 2,1 M","https://m.media-amazon.com/images/M/MV5BNWYxYzc1ZTAtNzM4Ni00MTUwLTliYmMtNWUwOWMzM2M3MjY3XkEyXkFqcGc@._V1_QL75_UY207_CR3,0,140,207_.jpg"
2,El caballero oscuro,2008,2h 32m,"9,0"," 2,9 M","https://m.media-amazon.com/images/M/MV5BMTMxNTMwODM0NF5BMl5BanBnXkFtZTcwODAyMTk2Mw@@._V1_QL75_UX140_CR0,0,140,207_.jpg"
3,El padrino parte II,1974,3h 22m,"9,0"," 1,4 M","https://m.media-amazon.com/images/M/MV5BMjQ5MzQxZTEtMmE1Yy00NjZlLTk5ODItNjI3MWIxMjk1M2U5XkEyXkFqcGc@._V1_QL75_UY207_CR10,0,140,207_.jpg"
4,12 hombres sin piedad,1957,1h 36m,"9,0", 887 mil,"https://m.media-amazon.com/images/M/MV5BYThhOGFhODktNGEwNi00MzY2LTg3YWYtNzAzZTE0MTFlMWQxXkEyXkFqcGc@._V1_QL75_UY207_CR2,0,140,207_.jpg"
5,El señor de los anillos: El retorno del rey,2003,3h 21m,"9,0", 2 M,"https://m.media-amazon.com/images/M/MV5BZGEzZDkzNDgtMGMzZi00NjNhLTliNWMtMTllYzQ2OTQwNGFkXkEyXkFqcGc@._V1_QL75_UY207_CR7,0,140,207_.jpg"
6,La lista de Schindler,1993,3h 15m,"9,0"," 1,5 M","https://m.media-amazon.com/images/M/MV5BZWUyNTJmOTMtZGM4MC00NWE2LThmZTUtZWE1NGM2YzYwZjRlXkEyXkFqcGc@._V1_QL75_UY207_CR3,0,140,207_.jpg"
7,Pulp Fiction,1994,2h 34m,"8,9"," 2,3 M","https://m.media-amazon.com/images/M/MV5BMzNlNGRkZWYtNmE0Yy00NjQyLWFmMzItYWY5NGM2YWU4OWYwXkEyXkFqcGc@._V1_QL75_UY207_CR5,0,140,207_.jpg"
8,El señor de los anillos: La comunidad del anillo,2001,2h 58m,"8,9", 2 M,"https://m.media-amazon.com/images/M/MV5BNDM0ZTRjNDAtMWFiOS00MjZiLThhZjYtNGQ0ODQ5MGE3Y2Y0XkEyXkFqcGc@._V1_QL75_UY207_CR3,0,140,207_.jpg"
9,"El bueno, el feo y el malo",1966,3h 2m,"8,8", 827 mil,"https://m.media-amazon.com/images/M/MV5BN2FmNmM5OTUtODEwMC00NDE5LWI4ZTUtZTg1ZmZlYjVjN2EyXkEyXkFqcGc@._V1_QL75_UX140_CR0,1,140,207_.jpg"
10,Forrest Gump,1994,2h 22m,"8,8"," 2,3 M","https://m.media-amazon.com/images/M/MV5BOWQ0NzQ5MDItYTA3Yy00Y2ZjLWFlMGQtNjcxYzU4MWM3NzFmXkEyXkFqcGc@._V1_QL75_UX140_CR0,1,140,207_.jpg"
11,El señor de los anillos: Las dos torres,2002,2h 59m,"8,8"," 1,8 M","https://m.media-amazon.com/images/M/MV5BNjJhZjZlNjktZTEwYi00MmMwLTgyYTgtYmMyMmRlOWMzNmRjXkEyXkFqcGc@._V1_QL75_UY207_CR7,0,140,207_.jpg"
12,El club de la lucha,1999,2h 19m,"8,8"," 2,4 M","https://m.media-amazon.com/images/M/MV5BZjA1YzQ3MDktYzRjMi00NWQ0LWFhYWYtZGMyODcwNGEwZjNmXkEyXkFqcGc@._V1_QL75_UY207_CR9,0,140,207_.jpg"
13,Origen,2010,2h 28m,"8,8"," 2,6 M","https://m.media-amazon.com/images/M/MV5BNTQxYmM1NzQtY2FiZS00MzRhLTljZDYtZjRmMGNiMWI3NTQxXkEyXkFqcGc@._V1_QL75_UY207_CR3,0,140,207_.jpg"
14,El imperio contraataca,1980,2h 4m,"8,7"," 1,4 M","https://m.media-amazon.com/images/M/MV5BZWQyNTJkMTAtZWQ0Zi00NGFlLWI2ZDktNTA4MzM5NDQ0MTk4XkEyXkFqcGc@._V1_QL75_UX140_CR0,3,140,207_.jpg"
15,Matrix,1999,2h 16m,"8,7"," 2,1 M","https://m.media-amazon.com/images/M/MV5BNGE1YzI4NzMtZTUxNi00Y2I5LTg2MmQtODE0NThmYTFmMDk0XkEyXkFqcGc@._V1_QL75_UY207_CR9,0,140,207_.jpg"
16,Uno de los nuestros,1990,2h 25m,"8,7"," 1,3 M","https://m.media-amazon.com/images/M/MV5BYTE0MmJhNGUtZDI5My00YThhLTk1NmItNDExOWUxMjg1YzUxXkEyXkFqcGc@._V1_QL75_UY207_CR1,0,140,207_.jpg"
17,Alguien voló sobre el nido del cuco,1975,2h 13m,"8,7"," 1,1 M","https://m.media-amazon.com/images/M/MV5BYjdkNjdlNDgtZTM1My00YzEwLTk5YjItYjE3YzllZTViNTVlXkEyXkFqcGc@._V1_QL75_UY207_CR1,0,140,207_.jpg"
18,Interstellar,2014,2h 49m,"8,7"," 2,2 M","https://m.media-amazon.com/images/M/MV5BYzdjMDAxZGItMjI2My00ODA1LTlkNzItOWFjMDU5ZDJlYWY3XkEyXkFqcGc@._V1_QL75_UX140_CR0,0,140,207_.jpg"
19,Seven,1995,2h 7m,"8,6"," 1,8 M","https://m.media-amazon.com/images/M/MV5BMjk4YWQ5YTItZTk2OS00MTcxLWIwNjctZjE3NzNhNjQzZjI2XkEyXkFqcGc@._V1_QL75_UX140_CR0,1,140,207_.jpg"
20,¡Qué bello es vivir!,1946,2h 10m,"8,6", 507 mil,"https://m.media-amazon.com/images/M/MV5BOWIzZDkwM2MtMWU5Yy00NzA5LWFhMzUtMmI1Yzc4NWQzMzg2XkEyXkFqcGc@._V1_QL75_UY207_CR1,0,140,207_.jpg"
21,Los siete samuráis,1954,3h 27m,"8,6", 373 mil,"https://m.media-amazon.com/images/M/MV5BYzc0ODMyMzctZTA5Zi00MGZhLWE0NTItZjJhOTE3OWMxZjBlXkEyXkFqcGc@._V1_QL75_UY207_CR3,0,140,207_.jpg"
22,El silencio de los corderos,1991,1h 58m,"8,6"," 1,6 M","https://m.media-amazon.com/images/M/MV5BOGZiZjYxY2UtNDE5YS00NzcwLWI0NmItNjcwYThkOWMwYTdhXkEyXkFqcGc@._V1_QL75_UY207_CR1,0,140,207_.jpg"
23,Salvar al soldado Ryan,1998,2h 49m,"8,6"," 1,5 M","https://m.media-amazon.com/images/M/MV5BMzU0YTgzM2EtYWNmMy00NWM1LWE0NTMtYjFhZDNlMDU1NWJmXkEyXkFqcGc@._V1_QL75_UY207_CR4,0,140,207_.jpg"
24,Ciudad de Dios,2002,2h 10m,"8,6", 815 mil,"https://m.media-amazon.com/images/M/MV5BYjY4NGI5OTUtY2ZlZS00Zjk4LTk5N2MtN2JmYWVjNGNmMGRlXkEyXkFqcGc@._V1_QL75_UY207_CR0,0,140,207_.jpg"
25,La vida es bella,1997,1h 56m,"8,6", 756 mil,"https://m.media-amazon.com/images/M/MV5BNTZhN2IwZWUtNTI2Yy00OWNjLWExZmYtOGMzN2M5NTE1MzM1XkEyXkFqcGc@._V1_QL75_UX140_CR0,1,140,207_.jpg"
26,La milla verde,1999,3h 9m,"8,6"," 1,4 M","https://m.media-amazon.com/images/M/MV5BM2VlMDA2NWYtYzQxZi00NGIyLTk0OTYtMGY3ODFmOGFhMTI3XkEyXkFqcGc@._V1_QL75_UY207_CR9,0,140,207_.jpg"
27,Terminator 2: El juicio final,1991,2h 17m,"8,6"," 1,2 M","https://m.media-amazon.com/images/M/MV5BNTM1ZTZhNWQtOTM5MS00MzA4LWEwNGEtMzc5MzA5ODE1ZWQ5XkEyXkFqcGdeQXVyMTgxOTIzNzk@._V1_QL75_UY207_CR4,0,140,207_.jpg"
28,La guerra de las galaxias,1977,2h 1m,"8,6"," 1,5 M","https://m.media-amazon.com/images/M/MV5BNGU3YTdiM2EtY2Y3MC00NTIzLWEzYzYtM2IxZDNhZjkwNjU1XkEyXkFqcGc@._V1_QL75_UY207_CR5,0,140,207_.jpg"
29,Regreso al futuro,1985,1h 56m,"8,5"," 1,3 M","https://m.media-amazon.com/images/M/MV5BNzVhMDRlMzctMjgxOC00MDllLTkzZWUtZTk4ODgyNDgwZTBmXkEyXkFqcGc@._V1_QL75_UX140_CR0,1,140,207_.jpg"
30,El viaje de Chihiro,2001,2h 4m,"8,6", 874 mil,"https://m.media-amazon.com/images/M/MV5BMWI1OTdjN2EtOGUxYy00ZDBmLWFlNzAtNmRkZjhiMTIzOTNhXkEyXkFqcGc@._V1_QL75_UY207_CR4,0,140,207_.jpg"
31,El pianista,2002,2h 30m,"8,5", 934 mil,"https://m.media-amazon.com/images/M/MV5BN2YxODFhYTEtOTg5Ni00ZTllLTllYmMtMjQwZDAwZjg0ZGMyXkEyXkFqcGc@._V1_QL75_UX140_CR0,1,140,207_.jpg"
32,Parásitos,2019,2h 12m,"8,5", 998 mil,"https://m.media-amazon.com/images/M/MV5BYjk1Y2U4MjQtY2ZiNS00OWQyLWI3MmYtZWUwNmRjYWRiNWNhXkEyXkFqcGc@._V1_QL75_UX140_CR0,0,140,207_.jpg"
33,Psicosis,1960,1h 49m,"8,5", 732 mil,"https://m.media-amazon.com/images/M/MV5BOTUxZGRkZjQtMGFjOS00YTZkLTg5MmItOGRhMjE3YjQyMjBmXkEyXkFqcGc@._V1_QL75_UX140_CR0,0,140,207_.jpg"
34,Gladiator (El gladiador),2000,2h 35m,"8,5"," 1,7 M","https://m.media-amazon.com/images/M/MV5BZDZlZjY4NGMtNWIwNC00OWVhLTkyMmUtODI5ZDY4MmFhODllXkEyXkFqcGc@._V1_QL75_UX140_CR0,1,140,207_.jpg"
35,El rey león,1994,1h 28m,"8,5"," 1,2 M","https://m.media-amazon.com/images/M/MV5BOTk0YjM0YmMtZTNiOC00ZjU5LWEzNmUtNTRiYzAxMTg0MzVkXkEyXkFqcGc@._V1_QL75_UY207_CR3,0,140,207_.jpg"
36,Spider-Man: Cruzando el multiverso,2023,2h 20m,"8,6", 407 mil,"https://m.media-amazon.com/images/M/MV5BODRiZGQyOGEtZWE1OS00MjQ2LWFiNzUtNjgxMDg3MmM0MDNhXkEyXkFqcGc@._V1_QL75_UX140_CR0,0,140,207_.jpg"
37,Infiltrados,2006,2h 31m,"8,5"," 1,4 M","https://m.media-amazon.com/images/M/MV5BYjhhMWVjMTUtM2EyMi00ZTU4LWIzNmYtZjMyNzJiMmZjMWRmXkEyXkFqcGc@._V1_QL75_UY207_CR4,0,140,207_.jpg"
38,Whiplash,2014,1h 46m,"8,5", 1 M,"https://m.media-amazon.com/images/M/MV5BMjM0NmUzOWUtN2I0Mi00NTRiLWJmNzItZDE2YWIwNDIwNmEzXkEyXkFqcGc@._V1_QL75_UX140_CR0,1,140,207_.jpg"
39,American History X,1998,1h 59m,"8,5"," 1,2 M","https://m.media-amazon.com/images/M/MV5BMjU3OWQ2MWQtZTMzNS00MGRjLWE3MmQtZmQ1Mzc0MGY3NmQyXkEyXkFqcGc@._V1_QL75_UY207_CR1,0,140,207_.jpg"
40,Hotaru no haka,1988,1h 28m,"8,5", 324 mil,"https://m.media-amazon.com/images/M/MV5BZWRjNjNjY2YtZjI3My00ZjUzLWI2N2ItZDMzNzVkOGY5NGFhXkEyXkFqcGdeQXVyMTAyOTE2ODg0._V1_QL75_UY207_CR4,0,140,207_.jpg"
41,El profesional (Léon),1994,1h 50m,"8,5"," 1,3 M","https://m.media-amazon.com/images/M/MV5BNGRkYTNhOWQtYmI0Ni00MjZhLWJmMzAtMTA2Mjg4NGNiNDU0XkEyXkFqcGc@._V1_QL75_UX140_CR0,1,140,207_.jpg"
42,El truco final (El prestigio),2006,2h 10m,"8,5"," 1,5 M","https://m.media-amazon.com/images/M/MV5BMjUxYzNmOWItZjc1NS00OTUxLTgzODEtODU2NGEzMDJmYWFjXkEyXkFqcGc@._V1_QL75_UX140_CR0,1,140,207_.jpg"
43,Harakiri,1962,2h 13m,"8,6", 72 mil,"https://m.media-amazon.com/images/M/MV5BMWNmYzg5NWYtNzhiMS00NzlkLTgyOTUtYzM3MjY0NDc2YjFkXkEyXkFqcGdeQXVyNzkwMjQ5NzM@._V1_QL75_UY207_CR2,0,140,207_.jpg"
44,Sospechosos habituales,1995,1h 46m,"8,5"," 1,2 M","https://m.media-amazon.com/images/M/MV5BMDliMWJiOTItOTUzNi00YjdmLTgxYzItZjQyYzU1NmZhZTdiXkEyXkFqcGc@._V1_QL75_UY207_CR3,0,140,207_.jpg"
45,Casablanca,1942,1h 42m,"8,5", 615 mil,"https://m.media-amazon.com/images/M/MV5BNTcyN2YzOTAtNDgyNi00YzA2LWIzOTAtNzg0ZjUyNjMzYWIyXkEyXkFqcGc@._V1_QL75_UX140_CR0,6,140,207_.jpg"
46,Dune: Parte dos,2024,2h 46m,"8,5", 527 mil,"https://m.media-amazon.com/images/M/MV5BNzBiMTQ0YjMtZDRhMC00ZDU4LTk3MDMtNWQxOGMwMjQzYjc4XkEyXkFqcGc@._V1_QL75_UX140_CR0,0,140,207_.jpg"
47,Intocable,2011,1h 52m,"8,5", 948 mil,"https://m.media-amazon.com/images/M/MV5BMmMwMmFhZTktYjA1NS00NWUyLTllYjEtNmVhYTRhZGM3YjRhXkEyXkFqcGdeQXVyMTMxODYzNjg@._V1_QL75_UY207_CR3,0,140,207_.jpg"
48,Cinema Paradiso,1988,2h 54m,"8,5", 289 mil,"https://m.media-amazon.com/images/M/MV5BMTljNzc4YWEtYTZlMS00ODMyLWIwMTAtNWQxY2VkMDEwYTk5XkEyXkFqcGc@._V1_QL75_UX140_CR0,0,140,207_.jpg"
49,Tiempos modernos,1936,1h 27m,"8,5", 264 mil,"https://m.media-amazon.com/images/M/MV5BMjZmMjA4OGQtNjFmZi00ODE1LTkzM2QtYzg4OTM4ZDk2YzNkXkEyXkFqcGc@._V1_QL75_UY207_CR1,0,140,207_.jpg"
50,"Alien, el octavo pasajero",1979,1h 57m,"8,5", 984 mil,"https://m.media-amazon.com/images/M/MV5BN2NhMDk2MmEtZDQzOC00MmY5LThhYzAtMDdjZGFjOGZjMjdjXkEyXkFqcGc@._V1_QL75_UX140_CR0,2,140,207_.jpg"
51,La ventana indiscreta,1954,1h 52m,"8,5", 532 mil,"https://m.media-amazon.com/images/M/MV5BM2UwNGUyZjctNGY2MC00MDY4LWFmNzQtNWVjZTNmZjlmZjBiXkEyXkFqcGdeQXVyODcwODg0OQ@@._V1_QL75_UY207_CR3,0,140,207_.jpg"
52,Hasta que llegó su hora,1968,2h 46m,"8,5", 354 mil,"https://m.media-amazon.com/images/M/MV5BMjEzNjg1NzEwMV5BMl5BanBnXkFtZTgwMTE4OTU0MTE@._V1_QL75_UY207_CR2,0,140,207_.jpg"
53,Django desencadenado,2012,2h 45m,"8,5"," 1,7 M","https://m.media-amazon.com/images/M/MV5BMTg5NzI5ODU0MV5BMl5BanBnXkFtZTcwNDcyNDY2Nw@@._V1_QL75_UY207_CR3,0,140,207_.jpg"
54,Luces de la ciudad,1931,1h 27m,"8,5", 199 mil,"https://m.media-amazon.com/images/M/MV5BNzIwNTQ2MDUxN15BMl5BanBnXkFtZTgwNjU2MjcyMjE@._V1_QL75_UY207_CR7,0,140,207_.jpg"
55,Apocalypse Now,1979,2h 27m,"8,4", 722 mil,"https://m.media-amazon.com/images/M/MV5BNzI4NDNlNjItMzM1Ni00YTA0LThjZTAtOTdhMGYxYmU0NmZkXkEyXkFqcGc@._V1_QL75_UY207_CR2,0,140,207_.jpg"
56,Memento,2000,1h 53m,"8,4"," 1,3 M","https://m.media-amazon.com/images/M/MV5BYmQ3MjliNjAtNWFiZS00YWI1LTlmZTktMzBiNDE1NjRhZjU0XkEyXkFqcGc@._V1_QL75_UY207_CR1,0,140,207_.jpg"
57,WALL·E,2008,1h 38m,"8,4"," 1,2 M","https://m.media-amazon.com/images/M/MV5BMjExMTg5OTU0NF5BMl5BanBnXkFtZTcwMjMxMzMzMw@@._V1_QL75_UX140_CR0,0,140,207_.jpg"
58,En busca del arca perdida,1981,1h 55m,"8,4"," 1,1 M","https://m.media-amazon.com/images/M/MV5BMjhkNDBiMTMtYzNlOS00OTU2LWE3ZGMtZWVmMThkZThjZjMzXkEyXkFqcGc@._V1_QL75_UX140_CR0,1,140,207_.jpg"
59,12th Fail,2023,2h 27m,"8,8", 131 mil,"https://m.media-amazon.com/images/M/MV5BNTE3OTIxZDYtNjA0NC00N2YxLTg1NGQtOTYxNmZkMDkwOWNjXkEyXkFqcGc@._V1_QL75_UY207_CR9,0,140,207_.jpg"
60,La vida de los otros,2006,2h 17m,"8,4", 416 mil,"https://m.media-amazon.com/images/M/MV5BN2Q5M2JhZGItNTg2OC00NjQ1LTllMmYtNWUzODNhMmU3YjcxXkEyXkFqcGc@._V1_QL75_UY207_CR2,0,140,207_.jpg"
61,El crepúsculo de los dioses,1950,1h 50m,"8,4", 241 mil,"https://m.media-amazon.com/images/M/MV5BZjNmY2FhZDUtNzMxMS00ZDFiLTlhMzEtNTBmZjUwMTIxMzQxXkEyXkFqcGc@._V1_QL75_UY207_CR1,0,140,207_.jpg"
62,Vengadores: Infinity War,2018,2h 29m,"8,4"," 1,2 M","https://m.media-amazon.com/images/M/MV5BOGVkODYxMDEtODczZC00MjRiLTg3ZWYtZjgzN2QyMDBjZTUzXkEyXkFqcGc@._V1_QL75_UY207_CR3,0,140,207_.jpg"
63,Senderos de gloria,1957,1h 28m,"8,4", 218 mil,"https://m.media-amazon.com/images/M/MV5BYWNlNzA0MmYtMDhiNC00MDgyLWIyNDUtZmYwZjc1Mzg1N2ZlXkEyXkFqcGdeQXVyMTkyOTE2Mjk@._V1_QL75_UX140_CR0,0,140,207_.jpg"
64,Spider-Man: Un nuevo universo,2018,1h 57m,"8,4", 695 mil,"https://m.media-amazon.com/images/M/MV5BMjMwNDkxMTgzOF5BMl5BanBnXkFtZTgwNTkwNTQ3NjM@._V1_QL75_UX140_CR0,0,140,207_.jpg"
65,Testigo de cargo,1957,1h 56m,"8,4", 141 mil,"https://m.media-amazon.com/images/M/MV5BNTJiN2I3ZGMtZTI5Ny00MWQzLTg3ZjQtNmQzNDA3MGZkMDM5XkEyXkFqcGdeQXVyMDI2NDg0NQ@@._V1_QL75_UX140_CR0,0,140,207_.jpg"
66,El resplandor,1980,2h 26m,"8,4"," 1,1 M","https://m.media-amazon.com/images/M/MV5BNzMxYWI2NWUtNTQzOC00YTk0LTg2YmUtNmU2NzZkZmJjZWU2XkEyXkFqcGc@._V1_QL75_UY207_CR5,0,140,207_.jpg"
67,El gran dictador,1940,2h 5m,"8,4", 241 mil,"https://m.media-amazon.com/images/M/MV5BYmM5NTZlOGEtNjc3MS00MzNiLThlYTctNTQyZmNkMGY5ZDU3XkEyXkFqcGdeQXVyMTYzMDM0NTU@._V1_QL75_UY207_CR3,0,140,207_.jpg"
68,Aliens: El regreso,1986,2h 17m,"8,4", 787 mil,"https://m.media-amazon.com/images/M/MV5BNTg0Y2FhODktZjk1Yi00ZTBkLWJhZTQtNjllYTc3N2U1ZWRkXkEyXkFqcGc@._V1_QL75_UX140_CR0,1,140,207_.jpg"
69,Malditos bastardos,2009,2h 33m,"8,4"," 1,6 M","https://m.media-amazon.com/images/M/MV5BMjcxNzBmMGEtYWZmNC00ZTNkLTkzMjgtMjA1MDFmNTMyMGJiXkEyXkFqcGc@._V1_QL75_UY207_CR2,0,140,207_.jpg"
70,El caballero oscuro: La leyenda renace,2012,2h 44m,"8,4"," 1,9 M","https://m.media-amazon.com/images/M/MV5BMmQ4MTZmODItMWFiMC00ZTExLTg0YWEtODEyYjkwNWZiNGIxXkEyXkFqcGc@._V1_QL75_UX140_CR0,1,140,207_.jpg"
71,Coco,2017,1h 45m,"8,4", 615 mil,"https://m.media-amazon.com/images/M/MV5BMWQ1NWZjMmQtMTFjOC00NDE2LWFmZTctNzI5MDQwNDU0M2IzXkEyXkFqcGc@._V1_QL75_UY207_CR3,0,140,207_.jpg"
72,Amadeus,1984,2h 40m,"8,4", 436 mil,"https://m.media-amazon.com/images/M/MV5BNzAxMzJiOTgtOGJiNS00MDY1LTg4ZmYtNzM2NmE5ZGJhMmM5XkEyXkFqcGc@._V1_QL75_UY207_CR7,0,140,207_.jpg"
73,Toy Story,1995,1h 21m,"8,3"," 1,1 M","https://m.media-amazon.com/images/M/MV5BZTA3OWVjOWItNjE1NS00NzZiLWE1MjgtZDZhMWI1ZTlkNzYwXkEyXkFqcGc@._V1_QL75_UX140_CR0,1,140,207_.jpg"
74,¿Teléfono rojo? Volamos hacia Moscú,1964,1h 35m,"8,3", 526 mil,"https://m.media-amazon.com/images/M/MV5BOTA4NDdkYTQtZTQzYy00YjVkLTkxMDMtZDBhY2FhNmZlZThhXkEyXkFqcGc@._V1_QL75_UY207_CR3,0,140,207_.jpg"
75,Old Boy,2003,2h,"8,3", 652 mil,"https://m.media-amazon.com/images/M/MV5BZWZkNjVhZDEtZTNkZi00OWIxLTk3N2UtNjBkMjgzZGMwMDI2XkEyXkFqcGdeQXVyMTAyOTE2ODg0._V1_QL75_UY207_CR3,0,140,207_.jpg"
76,American Beauty,1999,2h 2m,"8,3"," 1,2 M","https://m.media-amazon.com/images/M/MV5BYmYxOGZkZDktZTcyOS00ZjExLTlhMTItNzhhNTA5MDA0ZjVlXkEyXkFqcGc@._V1_QL75_UX140_CR0,1,140,207_.jpg"
77,Vengadores: Endgame,2019,3h 1m,"8,4"," 1,3 M","https://m.media-amazon.com/images/M/MV5BZGM5MTFlYTMtMGU4NC00YzUzLThhY2UtM2IxZGI5MTlhYWZkXkEyXkFqcGc@._V1_QL75_UY207_CR3,0,140,207_.jpg"
78,El submarino (Das Boot),1981,2h 29m,"8,4", 268 mil,"https://m.media-amazon.com/images/M/MV5BNGM2MDE5OGUtMzY5Yy00OTU3LWI0YzEtMTlkZGI5OGVjZWM3XkEyXkFqcGdeQXVyMTA0MjU0Ng@@._V1_QL75_UY207_CR2,0,140,207_.jpg"
79,Braveheart,1995,2h 58m,"8,3"," 1,1 M","https://m.media-amazon.com/images/M/MV5BOGQ0YjJhMDItOTI2MS00MzFjLWEwNzgtYjUzYTE0ZjE4ZTg1XkEyXkFqcGc@._V1_QL75_UY207_CR4,0,140,207_.jpg"
80,El indomable Will Hunting,1997,2h 6m,"8,3"," 1,1 M","https://m.media-amazon.com/images/M/MV5BMDNjOTMyNjgtYmU4OS00ZWMzLWEyYWMtOThhOGRjM2I4YWNmXkEyXkFqcGc@._V1_QL75_UY207_CR5,0,140,207_.jpg"
81,La princesa Mononoke,1997,2h 13m,"8,3", 444 mil,"https://m.media-amazon.com/images/M/MV5BMWUyOWZkOWMtMmE3Zi00MGVlLWI0NjctNzhiZDI2ZjQzNzNhXkEyXkFqcGdeQXVyODc0OTEyNDU@._V1_QL75_UY207_CR3,0,140,207_.jpg"
82,Your Name.,2016,1h 46m,"8,4", 335 mil,"https://m.media-amazon.com/images/M/MV5BN2Q1NzU5ZmYtZTFjYS00NGY2LTgyODctYmU0ZjIzNGQwMmJhXkEyXkFqcGdeQXVyMTgxOTIzNzk@._V1_QL75_UY207_CR7,0,140,207_.jpg"
83,Joker,2019,2h 2m,"8,4"," 1,5 M","https://m.media-amazon.com/images/M/MV5BMjQyOTA4NzMtNTk2ZC00YWUwLTgxOTUtNjBkMjE0YmU1OTRmXkEyXkFqcGc@._V1_QL75_UY207_CR13,0,140,207_.jpg"
84,El infierno del odio,1963,2h 23m,"8,4", 56 mil,"https://m.media-amazon.com/images/M/MV5BNTJjNjA4MjgtMjE4Ni00MDU5LTkzZDAtZDAyZWM5ZGY5MjgwXkEyXkFqcGdeQXVyODc0OTEyNDU@._V1_QL75_UY207_CR3,0,140,207_.jpg"
85,3 Idiots,2009,2h 50m,"8,4", 444 mil,"https://m.media-amazon.com/images/M/MV5BNzc4ZWQ3NmYtODE0Ny00YTQ4LTlkZWItNTBkMGQ0MmUwMmJlXkEyXkFqcGc@._V1_QL75_UY207_CR2,0,140,207_.jpg"
86,Érase una vez en América,1984,3h 49m,"8,3", 384 mil,"https://m.media-amazon.com/images/M/MV5BM2Q2ZDZlN2EtMDI5OS00MjYzLTg5ZWUtMmVmNjk3MzUzYjJmXkEyXkFqcGc@._V1_QL75_UY207_CR5,0,140,207_.jpg"
87,Cantando bajo la lluvia,1952,1h 43m,"8,3", 265 mil,"https://m.media-amazon.com/images/M/MV5BNTdjMDY4N2EtZTVlNy00NGJlLWE4YTYtZDM0Y2Y3NjJiZjBjXkEyXkFqcGc@._V1_QL75_UY207_CR1,0,140,207_.jpg"
88,Cafarnaúm,2018,2h 6m,"8,4", 110 mil,"https://m.media-amazon.com/images/M/MV5BOTMzM2IxYTItN2M3OS00MDFhLWJmNDktMmFlNWU0YjgxN2ZiXkEyXkFqcGdeQXVyMTAyOTE2ODg0._V1_QL75_UY207_CR3,0,140,207_.jpg"
89,Masacre (Ven y mira),1985,2h 22m,"8,4", 102 mil,"https://m.media-amazon.com/images/M/MV5BN2RiMDMwZmQtNTFiNy00Y2RmLWE4YTctNzNmZDQ4NDg3OTdkXkEyXkFqcGdeQXVyNTI2ODA2NTc@._V1_QL75_UY207_CR5,0,140,207_.jpg"
90,Réquiem por un sueño,2000,1h 42m,"8,3", 915 mil,"https://m.media-amazon.com/images/M/MV5BZTIxYzQxZDQtZGRhZC00NTM5LWE5NTMtMmQ2N2U1ZTY1NjhhXkEyXkFqcGc@._V1_QL75_UY207_CR4,0,140,207_.jpg"
91,Toy Story 3,2010,1h 43m,"8,3", 908 mil,"https://m.media-amazon.com/images/M/MV5BMTgxOTY4Mjc0MF5BMl5BanBnXkFtZTcwNTA4MDQyMw@@._V1_QL75_UY207_CR3,0,140,207_.jpg"
92,El retorno del jedi,1983,2h 11m,"8,3"," 1,1 M","https://m.media-amazon.com/images/M/MV5BZDMyNDdjZjMtYTA0ZS00NjEyLTg2OWQtZDc0NmRkMjM5ZjE1XkEyXkFqcGc@._V1_QL75_UY207_CR9,0,140,207_.jpg"
93,La caza,2012,1h 55m,"8,3", 373 mil,"https://m.media-amazon.com/images/M/MV5BOGU0ZTE1ZGMtYmNjMi00OWQ1LTg4NmEtYjVmMmM0MTBlMDExXkEyXkFqcGc@._V1_QL75_UX140_CR0,0,140,207_.jpg"
94,¡Olvídate de mí!,2004,1h 48m,"8,3"," 1,1 M","https://m.media-amazon.com/images/M/MV5BZGM3ZDYzMzktOGZhYy00NmE3LTg2Y2UtMjBjYzAwMzZhNmRhXkEyXkFqcGc@._V1_QL75_UX140_CR0,1,140,207_.jpg"
95,2001: Una odisea del espacio,1968,2h 29m,"8,3", 733 mil,"https://m.media-amazon.com/images/M/MV5BYTY2YzQyNTctOTM4MS00OGNjLWIwOTgtZjNjMTViNzIxMzZkXkEyXkFqcGc@._V1_QL75_UX140_CR0,1,140,207_.jpg"
96,Vivir,1952,2h 23m,"8,3", 90 mil,"https://m.media-amazon.com/images/M/MV5BYTYyNDliZGUtYmNmZS00NzNiLTg0NTctNDEwN2ZjNjQ5MTg3XkEyXkFqcGdeQXVyODc0OTEyNDU@._V1_QL75_UX140_CR0,3,140,207_.jpg"
97,Reservoir Dogs,1992,1h 39m,"8,3"," 1,1 M","https://m.media-amazon.com/images/M/MV5BMzFhYjU2MGQtN2VlZi00OGJmLTg4ZGYtOWY5MWQ4NjFhNzljXkEyXkFqcGc@._V1_QL75_UY207_CR5,0,140,207_.jpg"
98,Lawrence de Arabia,1962,3h 38m,"8,3", 320 mil,"https://m.media-amazon.com/images/M/MV5BYjI0OTM2ZjQtZWE1YS00MmNhLTkzYWUtMmQwYWQzMTRkMTEwXkEyXkFqcGdeQXVyODc0OTEyNDU@._V1_QL75_UY207_CR3,0,140,207_.jpg"
99,El apartamento,1960,2h 5m,"8,3", 201 mil,"https://m.media-amazon.com/images/M/MV5BNzI2NTQ0YmYtODhjOS00MWU4LWE3ZDAtOTYxMzlmN2IwYWVjXkEyXkFqcGc@._V1_QL75_UY207_CR4,0,140,207_.jpg"
100,Incendios,2010,2h 11m,"8,3", 211 mil,"https://m.media-amazon.com/images/M/MV5BMWE3MGYzZjktY2Q5Mi00Y2NiLWIyYWUtMmIyNzA3YmZlMGFhXkEyXkFqcGdeQXVyMTMxODk2OTU@._V1_QL75_UX140_CR0,1,140,207_.jpg"
101,El precio del poder,1983,2h 50m,"8,3", 936 mil,"https://m.media-amazon.com/images/M/MV5BMWYzYjEwYWEtMDhhNS00MDk3LWI5OTgtYzQxYTIzNDUzYjkxXkEyXkFqcGc@._V1_QL75_UX140_CR0,1,140,207_.jpg"
102,Con la muerte en los talones,1959,2h 16m,"8,3", 351 mil,"https://m.media-amazon.com/images/M/MV5BNTNhY2JjZWUtN2FlMS00MzcwLTkxNTgtZWUzMDA0NzdkM2NiXkEyXkFqcGdeQXVyODc0OTEyNDU@._V1_QL75_UX140_CR0,1,140,207_.jpg"
103,Perdición,1944,1h 47m,"8,3", 170 mil,"https://m.media-amazon.com/images/M/MV5BOTdlNjgyZGUtOTczYi00MDdhLTljZmMtYTEwZmRiOWFkYjRhXkEyXkFqcGdeQXVyNDY2MTk1ODk@._V1_QL75_UX140_CR0,2,140,207_.jpg"
104,Ciudadano Kane,1941,1h 59m,"8,3", 472 mil,"https://m.media-amazon.com/images/M/MV5BMmJhODQwZWEtODY2Mi00MDMzLTkzMTMtNzMyMWM2OTdkNTBkXkEyXkFqcGc@._V1_QL75_UX140_CR0,1,140,207_.jpg"
105,Oppenheimer,2023,3h,"8,3", 803 mil,"https://m.media-amazon.com/images/M/MV5BNTFlZDI1YWQtMTVjNy00YWU1LTg2YjktMTlhYmRiYzQ3NTVhXkEyXkFqcGc@._V1_QL75_UY207_CR8,0,140,207_.jpg"
106,"M, el vampiro de Düsseldorf",1931,1h 57m,"8,3", 171 mil,"https://m.media-amazon.com/images/M/MV5BY2FhYmI2NDktZGE0YS00NzU3LThlNGUtNDFjZmUwYzg2MzhjXkEyXkFqcGdeQXVyNzA4ODc3ODU@._V1_QL75_UX140_CR0,3,140,207_.jpg"
107,Vértigo (De entre los muertos),1958,2h 8m,"8,3", 435 mil,"https://m.media-amazon.com/images/M/MV5BZjE5YmM0OTgtYWM4Ny00YzMzLWIwNWEtMjY2YjZjNWZjY2E3XkEyXkFqcGc@._V1_QL75_UY207_CR7,0,140,207_.jpg"
108,Heat,1995,2h 50m,"8,3", 733 mil,"https://m.media-amazon.com/images/M/MV5BMTkxYjU1OTMtYWViZC00ZjAzLWI3MDktZGQ2N2VmMjVjNDRlXkEyXkFqcGc@._V1_QL75_UY207_CR2,0,140,207_.jpg"
109,La chaqueta metálica,1987,1h 56m,"8,2", 804 mil,"https://m.media-amazon.com/images/M/MV5BNzkxODk0NjEtYjc4Mi00ZDI0LTgyYjEtYzc1NDkxY2YzYTgyXkEyXkFqcGdeQXVyNzkwMjQ5NzM@._V1_QL75_UX140_CR0,1,140,207_.jpg"
110,Amélie,2001,2h 2m,"8,3", 804 mil,"https://m.media-amazon.com/images/M/MV5BMGM2ZmYyMTUtYzkxMC00MTc1LWI0NTUtNTIzZjc2YTM0YTdhXkEyXkFqcGdeQXVyMTMxODYzNjg@._V1_QL75_UY207_CR1,0,140,207_.jpg"
111,Up,2009,1h 36m,"8,3"," 1,1 M","https://m.media-amazon.com/images/M/MV5BYjBkM2RjMzItM2M3Ni00N2NjLWE3NzMtMGY4MzE4MDAzMTRiXkEyXkFqcGdeQXVyNDUzOTQ5MjY@._V1_QL75_UX140_CR0,0,140,207_.jpg"
112,La naranja mecánica,1971,2h 16m,"8,2", 894 mil,"https://m.media-amazon.com/images/M/MV5BYjFiN2E5N2ItZjc1Yy00MzZmLThmZGQtNGIyYjljMzk1NmU4XkEyXkFqcGc@._V1_QL75_UX140_CR0,1,140,207_.jpg"
113,Matar a un ruiseñor,1962,2h 9m,"8,3", 337 mil,"https://m.media-amazon.com/images/M/MV5BZTUzMDM2MjgtM2NkOC00MTgxLTgwZjctMGFkYzE2N2Q0MmQwXkEyXkFqcGc@._V1_QL75_UX140_CR0,1,140,207_.jpg"
114,"Nader y Simin, una separación",2011,2h 3m,"8,3", 262 mil,"https://m.media-amazon.com/images/M/MV5BMzg2NjkxMzAxNV5BMl5BanBnXkFtZTcwMjMwNzgwNQ@@._V1_QL75_UY207_CR8,0,140,207_.jpg"
115,El golpe,1973,2h 9m,"8,3", 284 mil,"https://m.media-amazon.com/images/M/MV5BZGZmY2EzNzAtMTAxNi00M2M4LWE5NzgtNmMzZDY1MzhmYzQyXkEyXkFqcGdeQXVyNjQzNDI3NzY@._V1_QL75_UX140_CR0,0,140,207_.jpg"
116,Jungla de cristal,1988,2h 12m,"8,2", 960 mil,"https://m.media-amazon.com/images/M/MV5BYWNmODUwZmQtYWY0My00OTMzLTk1ZTItYjc4ZGJkYTgzNzEwXkEyXkFqcGc@._V1_QL75_UY207_CR3,0,140,207_.jpg"
117,Indiana Jones y la última cruzada,1989,2h 7m,"8,2", 822 mil,"https://m.media-amazon.com/images/M/MV5BZTM3ZTJhNTYtNWUwYS00NmE1LTkxMTMtZTdjNTk1MjljZDIyXkEyXkFqcGdeQXVyMTYzMDM0NTU@._V1_QL75_UX140_CR0,0,140,207_.jpg"
118,Taare Zameen Par,2007,2h 42m,"8,3", 211 mil,"https://m.media-amazon.com/images/M/MV5BMGI4OTE2OWUtNjdmYi00ZWRlLWE5MzctZDAxYjQ4MGI2NDc4XkEyXkFqcGc@._V1_QL75_UY207_CR2,0,140,207_.jpg"
119,Metrópolis,1927,2h 33m,"8,3", 189 mil,"https://m.media-amazon.com/images/M/MV5BMTg5YWIyMWUtZDY5My00Zjc1LTljOTctYmI0MWRmY2M2NmRkXkEyXkFqcGdeQXVyMTMxODk2OTU@._V1_QL75_UY207_CR0,0,140,207_.jpg"
120,Snatch,2000,1h 44m,"8,2", 925 mil,"https://m.media-amazon.com/images/M/MV5BYzk5NjJkMTQtN2IyNC00YWM5LTlhZmMtNGI3MWNhMTU1YTc4XkEyXkFqcGc@._V1_QL75_UY207_CR1,0,140,207_.jpg"
121,1917,2019,1h 59m,"8,2", 698 mil,"https://m.media-amazon.com/images/M/MV5BZWRlZGY4MGEtYzQxMC00MjJiLTgzNWMtNDljMmEyNmNjYjJkXkEyXkFqcGc@._V1_QL75_UX140_CR0,0,140,207_.jpg"
122,L.A,1997,2h 18m,"8,2", 627 mil,"https://m.media-amazon.com/images/M/MV5BYTRmMjhhNTktZDdiYy00YjYxLTljY2QtMTU0NTQwYzRhMTZmXkEyXkFqcGc@._V1_QL75_UY207_CR3,0,140,207_.jpg"
123,Ladrón de bicicletas,1948,1h 29m,"8,3", 178 mil,"https://m.media-amazon.com/images/M/MV5BYmFiNzFmYjQtZmMzYS00NWMyLTg3NDItY2VkMmRkMmZlMGE2XkEyXkFqcGc@._V1_QL75_UX140_CR0,1,140,207_.jpg"
124,Hamilton,2020,2h 40m,"8,3", 119 mil,"https://m.media-amazon.com/images/M/MV5BYzBhOWY4ZTktMjE2NS00ZGIyLWJkOGMtNDQyN2JjZWFiODdiXkEyXkFqcGc@._V1_QL75_UX140_CR0,0,140,207_.jpg"
125,El hundimiento,2004,2h 36m,"8,2", 380 mil,"https://m.media-amazon.com/images/M/MV5BNTdlM2NkM2ItMDQ4Mi00ODJjLWEwMjctNTIzNDJhZjY2NDBmXkEyXkFqcGdeQXVyMTMxODYzNjg@._V1_QL75_UY207_CR2,0,140,207_.jpg"
126,Taxi Driver,1976,1h 54m,"8,2", 943 mil,"https://m.media-amazon.com/images/M/MV5BNjEzODdkNDgtMGNjMS00MTg3LWIyYTctMzVkYWM4N2I5ZDI0XkEyXkFqcGc@._V1_QL75_UY207_CR0,0,140,207_.jpg"
127,Dangal,2016,2h 41m,"8,3", 217 mil,"https://m.media-amazon.com/images/M/MV5BMTQ4MzQzMzM2Nl5BMl5BanBnXkFtZTgwMTQ1NzU3MDI@._V1_QL75_UY207_CR4,0,140,207_.jpg"
128,Batman Begins,2005,2h 20m,"8,2"," 1,6 M","https://m.media-amazon.com/images/M/MV5BNWRhMDYyNDMtYTliYS00MGIxLWFkYzMtYmUyM2JhZjk5OTE4XkEyXkFqcGc@._V1_QL75_UY207_CR2,0,140,207_.jpg"
129,El lobo de Wall Street,2013,3h,"8,2"," 1,6 M","https://m.media-amazon.com/images/M/MV5BY2Y2YmM1NmUtY2M2YS00Mjg1LWI0MDAtYzhlNzUyMjdjZGZjXkEyXkFqcGc@._V1_QL75_UY207_CR3,0,140,207_.jpg"
130,La muerte tenía un precio,1965,2h 12m,"8,2", 280 mil,"https://m.media-amazon.com/images/M/MV5BMzJlZTNkYjQtMTE1OS00YTJlLTgxNjItYzg4NTllODdkMzBiXkEyXkFqcGdeQXVyMjUzOTY1NTc@._V1_QL75_UX140_CR0,3,140,207_.jpg"
131,Green Book,2018,2h 10m,"8,2", 596 mil,"https://m.media-amazon.com/images/M/MV5BYzRjYTA0ZTQtMDIzOC00NmNjLTk2OTAtOTJmZmIzODkwYTM0XkEyXkFqcGc@._V1_QL75_UY207_CR2,0,140,207_.jpg"
132,Con faldas y a lo loco,1959,2h 1m,"8,2", 288 mil,"https://m.media-amazon.com/images/M/MV5BMWQ2MDYzMDMtNjY5My00MDljLThlMTktMTg4MGI5MDdmN2E5XkEyXkFqcGc@._V1_QL75_UX140_CR0,1,140,207_.jpg"
133,El show de Truman,1998,1h 43m,"8,2"," 1,2 M","https://m.media-amazon.com/images/M/MV5BODc4OGUxM2YtNTM2MS00NTAwLWE3NzktZTI0NWI0OTI0OGNiXkEyXkFqcGc@._V1_QL75_UY207_CR5,0,140,207_.jpg"
134,Vencedores o vencidos,1961,2h 59m,"8,3", 87 mil,"https://m.media-amazon.com/images/M/MV5BZGQwYjA4MTUtYzI5My00ZGVlLWI5ODgtZDBhMTJhOWI3MDBkXkEyXkFqcGdeQXVyMjUxODE0MDY@._V1_QL75_UY207_CR0,0,140,207_.jpg"
135,El chico,1921,1h 8m,"8,2", 137 mil,"https://m.media-amazon.com/images/M/MV5BZTQzMTM4NGEtNGFjNy00YWNkLThkZjAtZmY4YWMyNTUyNzhkXkEyXkFqcGdeQXVyODc0OTEyNDU@._V1_QL75_UY207_CR9,0,140,207_.jpg"
136,El padre,2020,1h 37m,"8,2", 201 mil,"https://m.media-amazon.com/images/M/MV5BYzUxMDAyMDAtNzIyZi00OGQ1LTllMjEtYzRjOThkZTUxNTliXkEyXkFqcGc@._V1_QL75_UX140_CR0,0,140,207_.jpg"
137,Eva al desnudo,1950,2h 18m,"8,2", 141 mil,"https://m.media-amazon.com/images/M/MV5BOTM4ZjUzOGUtYzdlZi00ZmM5LTk5NTEtMjQxNDVmOTc5NWNlXkEyXkFqcGc@._V1_QL75_UX140_CR0,2,140,207_.jpg"
138,Shutter Island,2010,2h 18m,"8,2"," 1,5 M","https://m.media-amazon.com/images/M/MV5BN2FjNWExYzEtY2YzOC00YjNlLTllMTQtNmIwM2Q1YzBhOWM1XkEyXkFqcGc@._V1_QL75_UX140_CR0,0,140,207_.jpg"
139,Pozos de ambición,2007,2h 38m,"8,2", 652 mil,"https://m.media-amazon.com/images/M/MV5BMGE0NjVmYzItYmJmZS00ZjJhLTg2NjUtYTZkNjE5NjFjNGE4XkEyXkFqcGc@._V1_QL75_UY207_CR5,0,140,207_.jpg"
140,Jurassic Park (Parque Jurásico),1993,2h 7m,"8,2"," 1,1 M","https://m.media-amazon.com/images/M/MV5BMjM2MDgxMDg0Nl5BMl5BanBnXkFtZTgwNTM2OTM5NDE@._V1_QL75_UX140_CR0,1,140,207_.jpg"
141,Casino,1995,2h 58m,"8,2", 575 mil,"https://m.media-amazon.com/images/M/MV5BZDIwMzQ3NGItYzg3Ni00NmY3LTljNjItOTUxNmQwMzJkOTc5XkEyXkFqcGc@._V1_QL75_UY207_CR8,0,140,207_.jpg"
142,Top Gun: Maverick,2022,2h 10m,"8,2", 734 mil,"https://m.media-amazon.com/images/M/MV5BMDBkZDNjMWEtOTdmMi00NmExLTg5MmMtNTFlYTJlNWY5YTdmXkEyXkFqcGc@._V1_QL75_UX140_CR0,0,140,207_.jpg"
143,El sexto sentido,1999,1h 47m,"8,2"," 1,1 M","https://m.media-amazon.com/images/M/MV5BMjgwMjFkYzctNmRiZS00MmI4LTg5ODEtNmZkYTdjOTFiNDc0XkEyXkFqcGc@._V1_QL75_UY207_CR3,0,140,207_.jpg"
144,Ran,1985,2h 40m,"8,2", 139 mil,"https://m.media-amazon.com/images/M/MV5BMmU1NGYwZWYtOWExNi00ZTEyLTgwMmUtM2ZlMDVjNWM4YjVlXkEyXkFqcGdeQXVyMjUzOTY1NTc@._V1_QL75_UX140_CR0,3,140,207_.jpg"
145,El laberinto del fauno,2006,1h 58m,"8,2", 712 mil,"https://m.media-amazon.com/images/M/MV5BZmMwMmFkODMtNTNhMS00OTA4LTgzOGQtZTlkNWM5OWI3MGI5XkEyXkFqcGc@._V1_QL75_UY207_CR3,0,140,207_.jpg"
146,Sin perdón,1992,2h 10m,"8,2", 443 mil,"https://m.media-amazon.com/images/M/MV5BMWYxODJjNzMtZWZmOS00ZDMwLTk1YjQtZjgzNjMyODBlNmNiXkEyXkFqcGc@._V1_QL75_UY207_CR3,0,140,207_.jpg"
147,No es país para viejos,2007,2h 2m,"8,2"," 1,1 M","https://m.media-amazon.com/images/M/MV5BY2YzMjhjMWMtOThlZS00Yjg3LTk1MjEtMzRiM2U0YmFiNmIyXkEyXkFqcGc@._V1_QL75_UY207_CR4,0,140,207_.jpg"
148,La cosa (El enigma de otro mundo),1982,1h 49m,"8,2", 479 mil,"https://m.media-amazon.com/images/M/MV5BNTg2MzljY2ItZDg5ZS00YTUwLTlhZTMtM2UwNzZiOWE4MDc1XkEyXkFqcGc@._V1_QL75_UY207_CR3,0,140,207_.jpg"
149,Una mente maravillosa,2001,2h 15m,"8,2", 1 M,"https://m.media-amazon.com/images/M/MV5BMDlmOTE4M2YtZDI4OS00ZmQ4LWE4NGUtNjMxODliNTQ2ZWE5XkEyXkFqcGc@._V1_QL75_UY207_CR4,0,140,207_.jpg"
150,Kill Bill: Volumen 1,2003,1h 51m,"8,2"," 1,2 M","https://m.media-amazon.com/images/M/MV5BNzE2MTg0ZmQtNzRjOC00NTJkLWI1YWQtMGY1ZGViYTA2ZmNjXkEyXkFqcGdeQXVyMTAzMDM4MjM0._V1_QL75_UX140_CR0,1,140,207_.jpg"
151,El tesoro de Sierra Madre,1948,2h 6m,"8,2", 134 mil,"https://m.media-amazon.com/images/M/MV5BMTQ5MjY1NzUyNV5BMl5BanBnXkFtZTgwMzE4MzgyMjE@._V1_QL75_UY207_CR1,0,140,207_.jpg"
152,Yojimbo,1961,1h 50m,"8,2", 134 mil,"https://m.media-amazon.com/images/M/MV5BZThiZjAzZjgtNDU3MC00YThhLThjYWUtZGRkYjc2ZWZlOTVjXkEyXkFqcGdeQXVyNTA4NzY1MzY@._V1_QL75_UX140_CR0,1,140,207_.jpg"
153,La gran evasión,1963,2h 52m,"8,2", 263 mil,"https://m.media-amazon.com/images/M/MV5BMDRhNmJjMzEtMWU5MC00YmEyLTg3ZmYtNzYxZTI1ZGU4ZjI1XkEyXkFqcGc@._V1_QL75_UX140_CR0,6,140,207_.jpg"
154,Los caballeros de la mesa cuadrada y sus locos seguidores,1975,1h 31m,"8,2", 577 mil,"https://m.media-amazon.com/images/M/MV5BY2I1OTMyNjQtNWQ1OC00NzJhLTkxZjYtMGNhMGYzMjg1MzhjXkEyXkFqcGdeQXVyODc0OTEyNDU@._V1_QL75_UY207_CR3,0,140,207_.jpg"
155,Buscando a Nemo,2003,1h 40m,"8,2"," 1,1 M","https://m.media-amazon.com/images/M/MV5BMTFiMjA0NjAtZTEwYS00MWRiLWI3MGEtMDlkZGY1MDQ4NjhiXkEyXkFqcGc@._V1_QL75_UX140_CR0,1,140,207_.jpg"
156,Prisioneros,2013,2h 33m,"8,2", 834 mil,"https://m.media-amazon.com/images/M/MV5BYjc1ZGI0MTQtOGM1My00OTNmLWJlNmMtODc0YjJjNzQwMDQ3XkEyXkFqcGc@._V1_QL75_UY207_CR3,0,140,207_.jpg"
157,El castillo ambulante,2004,1h 59m,"8,2", 464 mil,"https://m.media-amazon.com/images/M/MV5BMTZhNTc2M2YtOGFhMS00MmQ2LTkxNWUtYWNhNWYyN2E2YzY1XkEyXkFqcGc@._V1_QL75_UY207_CR3,0,140,207_.jpg"
158,El hombre elefante,1980,2h 4m,"8,2", 263 mil,"https://m.media-amazon.com/images/M/MV5BMWU3NzBjNmEtYjE0OC00Y2VkLWJjNzQtZDM1Zjc1NWRkY2RjXkEyXkFqcGc@._V1_QL75_UY207_CR3,0,140,207_.jpg"
159,Rashomon,1950,1h 28m,"8,2", 184 mil,"https://m.media-amazon.com/images/M/MV5BMjEzMzA4NDE2OF5BMl5BanBnXkFtZTcwNTc5MDI2NQ@@._V1_QL75_UX140_CR0,0,140,207_.jpg"
160,Crimen perfecto,1954,1h 45m,"8,2", 192 mil,"https://m.media-amazon.com/images/M/MV5BNGEwNGM3ZWYtN2E5ZS00NTEzLThlMTUtODI1ZmIzZDk2Y2RlXkEyXkFqcGc@._V1_QL75_UY207_CR4,0,140,207_.jpg"
161,Chinatown,1974,2h 10m,"8,1", 356 mil,"https://m.media-amazon.com/images/M/MV5BNmRmZTE0NmUtZjhiZi00MzQ3LTk3ZjctN2Q3ODYzY2U3MDk3XkEyXkFqcGc@._V1_QL75_UX140_CR0,2,140,207_.jpg"
162,Lo que el viento se llevó,1939,3h 58m,"8,2", 339 mil,"https://m.media-amazon.com/images/M/MV5BYjUyZWZkM2UtMzYxYy00ZmQ3LWFmZTQtOGE2YjBkNjA3YWZlXkEyXkFqcGdeQXVyNzkwMjQ5NzM@._V1_QL75_UX140_CR0,3,140,207_.jpg"
163,El secreto de sus ojos,2009,2h 9m,"8,2", 226 mil,"https://m.media-amazon.com/images/M/MV5BMTgwNTI3OTczOV5BMl5BanBnXkFtZTcwMTM3MTUyMw@@._V1_QL75_UY207_CR0,0,140,207_.jpg"
164,Lock & Stock,1998,1h 47m,"8,1", 624 mil,"https://m.media-amazon.com/images/M/MV5BMmY1M2M5ZmMtYzllZC00YzAxLTk4MjktZDJkNjA1MTUwMGQ4XkEyXkFqcGc@._V1_QL75_UX140_CR0,1,140,207_.jpg"
165,Del revés (Inside Out),2015,1h 35m,"8,1", 833 mil,"https://m.media-amazon.com/images/M/MV5BMTk4ZDdmMjYtNzE4Zi00NjhjLThkY2ItYTc4NDY5MzQzNWRkXkEyXkFqcGc@._V1_QL75_UY207_CR3,0,140,207_.jpg"
166,V de vendetta,2005,2h 12m,"8,1"," 1,2 M","https://m.media-amazon.com/images/M/MV5BYmY5MDUxZDItZjJmNy00MWQxLTlhNDctYTMzOTUyNzY1OTdhXkEyXkFqcGc@._V1_QL75_UY207_CR2,0,140,207_.jpg"
167,Tres anuncios en las afueras,2017,1h 55m,"8,1", 566 mil,"https://m.media-amazon.com/images/M/MV5BNTAzMzk4ZDQtNTE5ZC00YzllLWI1MjgtMWQ0YzAxMTk1NTk5XkEyXkFqcGc@._V1_QL75_UY207_CR2,0,140,207_.jpg"
168,Toro salvaje,1980,2h 9m,"8,1", 386 mil,"https://m.media-amazon.com/images/M/MV5BNmM3ZDU1ZjUtOTFhMC00YTFkLTg1NmYtZGE4NTBhNDhjYjg2XkEyXkFqcGc@._V1_QL75_UY207_CR3,0,140,207_.jpg"
169,Trainspotting,1996,1h 33m,"8,1", 736 mil,"https://m.media-amazon.com/images/M/MV5BMTcwNzkwOTA0N15BMl5BanBnXkFtZTgwNDQ5NDQxMDE@._V1_QL75_UY207_CR7,0,140,207_.jpg"
170,El puente sobre el río Kwai,1957,2h 41m,"8,1", 237 mil,"https://m.media-amazon.com/images/M/MV5BYmNkMGZjM2EtZDE0Ni00Zjg5LWE0YjQtNWYwMDFlZGY4NGE5XkEyXkFqcGc@._V1_QL75_UY207_CR4,0,140,207_.jpg"
171,Klaus,2019,1h 36m,"8,2", 195 mil,"https://m.media-amazon.com/images/M/MV5BM2Q2Njg3ZmQtMDlmZi00NzE5LWJlOWYtY2I5NzhiZDdmNTk3XkEyXkFqcGdeQXVyODc0OTEyNDU@._V1_QL75_UX140_CR0,0,140,207_.jpg"
172,Atrápame si puedes,2002,2h 21m,"8,1"," 1,1 M","https://m.media-amazon.com/images/M/MV5BMTY5MzYzNjc5NV5BMl5BanBnXkFtZTYwNTUyNTc2._V1_QL75_UX140_CR0,0,140,207_.jpg"
173,Fargo,1996,1h 38m,"8,1", 738 mil,"https://m.media-amazon.com/images/M/MV5BNjg4MWE0MjEtODFhNy00MjA5LTg5ODktMzgwNWFmZTAwNjBlXkEyXkFqcGc@._V1_QL75_UY207_CR0,0,140,207_.jpg"
174,Warrior,2011,2h 20m,"8,1", 504 mil,"https://m.media-amazon.com/images/M/MV5BMTk4ODk5MTMyNV5BMl5BanBnXkFtZTcwMDMyNTg0Ng@@._V1_QL75_UX140_CR0,4,140,207_.jpg"
175,Spider-Man: No Way Home,2021,2h 28m,"8,2", 909 mil,"https://m.media-amazon.com/images/M/MV5BYTA1NTYyZDMtMjliYy00YTlhLTgzNDAtODc3ZTE5OWZkMjY1XkEyXkFqcGc@._V1_QL75_UX140_CR0,1,140,207_.jpg"
176,Gran Torino,2008,1h 56m,"8,1", 825 mil,"https://m.media-amazon.com/images/M/MV5BMTc5NTk2OTU1Nl5BMl5BanBnXkFtZTcwMDc3NjAwMg@@._V1_QL75_UY207_CR0,0,140,207_.jpg"
177,Harry Potter y las Reliquias de la Muerte: Parte 2,2011,2h 10m,"8,1", 967 mil,"https://m.media-amazon.com/images/M/MV5BNWY5MDMwYjQtZDU0NS00MTAwLWFlMDUtODA5YjMzNjdmYzJkXkEyXkFqcGc@._V1_QL75_UY207_CR6,0,140,207_.jpg"
178,Million Dollar Baby,2004,2h 12m,"8,1", 731 mil,"https://m.media-amazon.com/images/M/MV5BMTkxNzA1NDQxOV5BMl5BanBnXkFtZTcwNTkyMTIzMw@@._V1_QL75_UY207_CR0,0,140,207_.jpg"
179,Mi vecino Totoro,1988,1h 26m,"8,1", 392 mil,"https://m.media-amazon.com/images/M/MV5BNzhjNTQ5N2UtZjAxMS00NDVlLTg2ZWMtMDAzZDY0NGEyYzU4XkEyXkFqcGc@._V1_QL75_UY207_CR4,0,140,207_.jpg"
180,Mad Max: Furia en la carretera,2015,2h,"8,1"," 1,1 M","https://m.media-amazon.com/images/M/MV5BMmRlNzFmMzYtMGRiZC00ZWE4LWIwM2UtMWUyMzAyMzQ4YTc3XkEyXkFqcGc@._V1_QL75_UX140_CR0,0,140,207_.jpg"
181,Children of Heaven,1997,1h 29m,"8,2", 83 mil,"https://m.media-amazon.com/images/M/MV5BZWZlMjNhNzgtZGRhOS00Y2U5LThjOTctODNjZTI0ZTBiYzBhXkEyXkFqcGc@._V1_QL75_UX140_CR0,4,140,207_.jpg"
182,Ben-Hur,1959,3h 32m,"8,1", 257 mil,"https://m.media-amazon.com/images/M/MV5BMWE0MDI3MzMtNzMwNS00OTg3LTlhNDYtNjljYzI5ZDk2NWQzXkEyXkFqcGc@._V1_QL75_UY207_CR5,0,140,207_.jpg"
183,12 años de esclavitud,2013,2h 14m,"8,1", 751 mil,"https://m.media-amazon.com/images/M/MV5BY2YyMGQ4MzctZmJmZC00MjBiLWIxZTktZGVmMzUyZDU5YWZkXkEyXkFqcGc@._V1_QL75_UY207_CR2,0,140,207_.jpg"
184,Barry Lyndon,1975,3h 5m,"8,1", 187 mil,"https://m.media-amazon.com/images/M/MV5BNTc2NTM3YTUtMWY2OC00N2ZiLTlmNjEtNzc3MWUyMDQxODk1XkEyXkFqcGc@._V1_QL75_UY207_CR1,0,140,207_.jpg"
185,Antes de amanecer,1995,1h 41m,"8,1", 347 mil,"https://m.media-amazon.com/images/M/MV5BMTIxMmRiMTAtMzY2ZC00Njg2LWEwMzAtMzVmOTgwZTZiNzZkXkEyXkFqcGc@._V1_QL75_UY207_CR3,0,140,207_.jpg"
186,Blade Runner,1982,1h 57m,"8,1", 836 mil,"https://m.media-amazon.com/images/M/MV5BMTU2NjUzNTE0N15BMl5BanBnXkFtZTcwMzA3MjI4OQ@@._V1_QL75_UY207_CR4,0,140,207_.jpg"
187,El gran hotel Budapest,2014,1h 39m,"8,1", 903 mil,"https://m.media-amazon.com/images/M/MV5BMDAyM2NiMzktNWM3ZC00MDk2LTg0NjItMzNkM2IxODhlZTE4XkEyXkFqcGc@._V1_QL75_UY207_CR3,0,140,207_.jpg"
188,Hasta el último hombre (Hacksaw Ridge),2016,2h 19m,"8,1", 612 mil,"https://m.media-amazon.com/images/M/MV5BNGI0M2ZlNGQtMTI3Yi00MTU4LTgzZTEtMDQ5Mzg0ZmMzMDVjXkEyXkFqcGc@._V1_QL75_UY207_CR3,0,140,207_.jpg"
189,Perdida,2014,2h 29m,"8,1"," 1,1 M","https://m.media-amazon.com/images/M/MV5BZmM0NjJjNDktYTcyMC00YzM1LWI3YWUtMzVmZjhhZGViM2FhXkEyXkFqcGc@._V1_QL75_UX140_CR0,1,140,207_.jpg"
190,El club de los poetas muertos,1989,2h 8m,"8,1", 564 mil,"https://m.media-amazon.com/images/M/MV5BMjI5ZmY0MjctNzc2Mi00ZGUyLWFhYjUtYTAwOWU3MjMwYjc0XkEyXkFqcGdeQXVyMTYzMDM0NTU@._V1_QL75_UX140_CR0,1,140,207_.jpg"
191,Maharaja,2024,2h 21m,"8,5", 49 mil,"https://m.media-amazon.com/images/M/MV5BOTFlMTIxOGItZTk0Zi00MTk2LWJiM2UtMzlhZWYzNjQ4N2Y3XkEyXkFqcGc@._V1_QL75_UY207_CR8,0,140,207_.jpg"
192,Memories of Murder (Crónica de un asesino en serie),2003,2h 11m,"8,1", 226 mil,"https://m.media-amazon.com/images/M/MV5BM2I2YzhmNDMtM2NlMi00MWMwLWIyN2ItM2ZmNjA5NDZiMDQ4XkEyXkFqcGc@._V1_QL75_UX140_CR0,2,140,207_.jpg"
193,En el nombre del padre,1993,2h 13m,"8,1", 190 mil,"https://m.media-amazon.com/images/M/MV5BOTc1OThmNjYtYTIyNS00MWRlLTk0M2UtM2JkZDU1ZTIxNTBhXkEyXkFqcGc@._V1_QL75_UX140_CR0,1,140,207_.jpg"
194,La quimera del oro,1925,1h 35m,"8,1", 120 mil,"https://m.media-amazon.com/images/M/MV5BOGMyN2I4MGQtNzcwMS00ZTI5LTk4M2ItMGVmNjQxMzliOTc2XkEyXkFqcGdeQXVyMDUyOTUyNQ@@._V1_QL75_UX140_CR0,1,140,207_.jpg"
195,"Monstruos, S.A.",2001,1h 32m,"8,1", 1 M,"https://m.media-amazon.com/images/M/MV5BNzQ0YTVhNjgtODlhYy00YTA2LTk0ZDgtMzc3Yzc2YzFmYzFmXkEyXkFqcGc@._V1_QL75_UX140_CR0,1,140,207_.jpg"
196,Relatos salvajes,2014,2h 2m,"8,1", 221 mil,"https://m.media-amazon.com/images/M/MV5BODljMzFmMTAtMGM3YS00OWFlLWI3MjctNjVkOTFiNDViMDVhXkEyXkFqcGc@._V1_QL75_UY207_CR3,0,140,207_.jpg"
197,El cazador,1978,3h 3m,"8,1", 368 mil,"https://m.media-amazon.com/images/M/MV5BODQ1NmNmNWItNGNjYy00NDk3LWI3NjItMzkwODYyYWJhYzQwXkEyXkFqcGc@._V1_QL75_UY207_CR1,0,140,207_.jpg"
198,Ratatouille,2007,1h 51m,"8,1", 851 mil,"https://m.media-amazon.com/images/M/MV5BMTMzODU0NTkxMF5BMl5BanBnXkFtZTcwMjQ4MzMzMw@@._V1_QL75_UX140_CR0,0,140,207_.jpg"
199,El maquinista de La General,1926,1h 18m,"8,1", 100 mil,"https://m.media-amazon.com/images/M/MV5BMjE1NTEzMzUzNV5BMl5BanBnXkFtZTgwNzY1NjYxMjE@._V1_QL75_UX140_CR0,5,140,207_.jpg"
200,El moderno Sherlock Holmes,1924,45m,"8,2", 59 mil,"https://m.media-amazon.com/images/M/MV5BMjQzM2E2NjYtYmRjMC00ZmVlLTljZTgtNmQ5MGZlNDYyZTc5XkEyXkFqcGc@._V1_QL75_UX140_CR0,7,140,207_.jpg"
201,Tiburón,1975,2h 4m,"8,1", 676 mil,"https://m.media-amazon.com/images/M/MV5BZWU0NzZmZDEtYjYzMS00MWVkLWE5N2YtNjQ2MTdkMWE4ZGE4XkEyXkFqcGc@._V1_QL75_UY207_CR1,0,140,207_.jpg"
202,How to Train Your Dragon,2010,1h 38m,"8,1", 817 mil,"https://m.media-amazon.com/images/M/MV5BMjEyZGViY2ItZmRjOC00NmI5LTlhNDMtYjc1MjIxNWM1ZThkXkEyXkFqcGc@._V1_QL75_UY207_CR7,0,140,207_.jpg"
203,La ley del silencio,1954,1h 48m,"8,1", 168 mil,"https://m.media-amazon.com/images/M/MV5BMjE0MDM3OTcxMl5BMl5BanBnXkFtZTgwNjM2OTI3MjE@._V1_QL75_UY207_CR2,0,140,207_.jpg"
204,Mary and Max,2009,1h 32m,"8,1", 189 mil,"https://m.media-amazon.com/images/M/MV5BNzY2Mjc4NjMtNGY4Mi00NzM5LTk3ZTQtN2VkNzVkMzRmM2Y2XkEyXkFqcGc@._V1_QL75_UY207_CR3,0,140,207_.jpg"
205,El salario del miedo,1953,2h 11m,"8,1", 68 mil,"https://m.media-amazon.com/images/M/MV5BMDdhOGMwODQtZGM2MS00NGQxLWEyZDMtOTkzMjFjYjI3ZmM2XkEyXkFqcGc@._V1_QL75_UY207_CR1,0,140,207_.jpg"
206,Le Mans '66,2019,2h 32m,"8,1", 497 mil,"https://m.media-amazon.com/images/M/MV5BZGUxY2ZlNDgtZjI5OC00ZDE5LThkNjYtNTYzNDhhNDI3ZTJiXkEyXkFqcGc@._V1_QL75_UY207_CR2,0,140,207_.jpg"
207,Fresas salvajes,1957,1h 32m,"8,1", 117 mil,"https://m.media-amazon.com/images/M/MV5BZWQ5MDllM2EtZWRmNS00MmZiLWI4ZWQtMjRiY2Q5MTAxODY4XkEyXkFqcGc@._V1_QL75_UX140_CR0,3,140,207_.jpg"
208,Caballero sin espada,1939,2h 9m,"8,1", 123 mil,"https://m.media-amazon.com/images/M/MV5BYjJiYmVjZGMtNTkzYi00OGI3LWEyODUtNmEzMTMxMjJiODI4XkEyXkFqcGc@._V1_QL75_UY207_CR1,0,140,207_.jpg"
209,El tercer hombre,1949,1h 44m,"8,1", 185 mil,"https://m.media-amazon.com/images/M/MV5BNTA3YWNlZjEtNmVkZS00Y2I4LWI3NjgtYzI2OTVhZGVlNzNhXkEyXkFqcGc@._V1_QL75_UY207_CR4,0,140,207_.jpg"
210,Logan,2017,2h 17m,"8,1", 863 mil,"https://m.media-amazon.com/images/M/MV5BM2JjODdkMGMtNmY2YS00OGM2LThiY2YtZGYyNzE4Nzc2ODA0XkEyXkFqcGc@._V1_QL75_UX140_CR0,1,140,207_.jpg"
211,Rocky,1976,2h,"8,1", 641 mil,"https://m.media-amazon.com/images/M/MV5BZDEyY2M2MGMtYjg5OC00ZWFjLWFkZDQtNmQzZTdiYmYzZTBkXkEyXkFqcGc@._V1_QL75_UX140_CR0,3,140,207_.jpg"
212,Cuentos de Tokio,1953,2h 16m,"8,1", 70 mil,"https://m.media-amazon.com/images/M/MV5BZWZlY2Y5YzMtODc0Mi00NTlhLTk3OTYtMmFiZWM3Mjk0MTk4XkEyXkFqcGc@._V1_QL75_UY207_CR3,0,140,207_.jpg"
213,El gran Lebowski,1998,1h 57m,"8,1", 873 mil,"https://m.media-amazon.com/images/M/MV5BMjI1ODdiN2EtODM5Zi00MTU0LWFjOGEtOGRmY2Y4MmZlYzhlXkEyXkFqcGc@._V1_QL75_UX140_CR0,1,140,207_.jpg"
214,El séptimo sello,1957,1h 36m,"8,1", 202 mil,"https://m.media-amazon.com/images/M/MV5BZDlmYTkzOWUtODQ0MS00MmM4LWE3ZjMtYTEwNGUwMmJkYzIxXkEyXkFqcGc@._V1_QL75_UY207_CR1,0,140,207_.jpg"
215,La habitación,2015,1h 58m,"8,1", 458 mil,"https://m.media-amazon.com/images/M/MV5BNGJmYWFkYjQtNzU5MS00OThjLThiNzEtYTgwZWE3YzMwYmUxXkEyXkFqcGc@._V1_QL75_UX140_CR0,1,140,207_.jpg"
216,Spotlight,2015,2h 9m,"8,1", 509 mil,"https://m.media-amazon.com/images/M/MV5BZmQ3OGM0MzYtMTUxNi00YzYyLWEyYjEtNmNiZWVjMzMwMTkwXkEyXkFqcGc@._V1_QL75_UY207_CR3,0,140,207_.jpg"
217,Terminator,1984,1h 47m,"8,1", 942 mil,"https://m.media-amazon.com/images/M/MV5BMjllZWY0OGEtNWY4MC00MTAxLWJmZDgtYTIwZjg0ZmViZDViXkEyXkFqcGc@._V1_QL75_UX140_CR0,1,140,207_.jpg"
218,Hotel Rwanda,2004,2h 1m,"8,1", 377 mil,"https://m.media-amazon.com/images/M/MV5BY2FmMWRmZmQtN2IzMS00OGVmLWFmNjktMTM0YWQzODcwYTEwXkEyXkFqcGc@._V1_QL75_UY207_CR0,0,140,207_.jpg"
219,Platoon,1986,2h,"8,1", 446 mil,"https://m.media-amazon.com/images/M/MV5BMzFmNmIzOGYtOGYwOS00NDA5LTg1ZDUtMDI5ZGU0MDJkNDVjXkEyXkFqcGc@._V1_QL75_UY207_CR3,0,140,207_.jpg"
220,Piratas del Caribe: La maldición de la Perla Negra,2003,2h 23m,"8,1"," 1,2 M","https://m.media-amazon.com/images/M/MV5BNGVlZmE3ZWUtODUxMS00YjE4LWIzMjAtNGQwZTBiZjM4OTliXkEyXkFqcGc@._V1_QL75_UX140_CR0,1,140,207_.jpg"
221,El odio,1995,1h 38m,"8,1", 202 mil,"https://m.media-amazon.com/images/M/MV5BNzY5YzNmNzMtNWI2OS00OWQwLWIzNWMtODE0YzJlMDIxMWE5XkEyXkFqcGc@._V1_QL75_UX140_CR0,1,140,207_.jpg"
222,Antes del atardecer,2004,1h 20m,"8,1", 294 mil,"https://m.media-amazon.com/images/M/MV5BMTQ1MjAwNTM5Ml5BMl5BanBnXkFtZTYwNDM0MTc3._V1_QL75_UY207_CR0,0,140,207_.jpg"
223,Jai Bhim,2021,2h 44m,"8,7", 221 mil,"https://m.media-amazon.com/images/M/MV5BZjEyNDIzNmEtMjdkYS00ZDAwLTljOWYtNDRhYTVhYTlmOTk1XkEyXkFqcGc@._V1_QL75_UY207_CR13,0,140,207_.jpg"
224,La pasión de Juana de Arco,1928,1h 50m,"8,1", 62 mil,"https://m.media-amazon.com/images/M/MV5BNTE1MDliZjgtYTU2Yy00YjAxLTljYTItNDE2ZGYwYTY1MGQ1XkEyXkFqcGc@._V1_QL75_UX140_CR0,6,140,207_.jpg"
225,Los mejores años de nuestra vida,1946,2h 50m,"8,1", 72 mil,"https://m.media-amazon.com/images/M/MV5BN2YzODE5YzgtNTQ5MS00ZmVjLTkxZjktN2M0ODBiYTNjNmYyXkEyXkFqcGc@._V1_QL75_UY207_CR1,0,140,207_.jpg"
226,El exorcista,1973,2h 2m,"8,1", 465 mil,"https://m.media-amazon.com/images/M/MV5BZjg3YjE4ZjAtYTdmYS00ZTBkLWE1ZjgtNzAzODUwNzRiYjlmXkEyXkFqcGc@._V1_QL75_UX140_CR0,3,140,207_.jpg"
227,Rush,2013,2h 3m,"8,1", 522 mil,"https://m.media-amazon.com/images/M/MV5BZTQ5NTIyNTEtMDlkNy00MTdmLWJlODktZjQ0NTU4ZjcyMDA3XkEyXkFqcGc@._V1_QL75_UY207_CR3,0,140,207_.jpg"
228,Los Increíbles,2004,1h 55m,"8,0", 828 mil,"https://m.media-amazon.com/images/M/MV5BNGNhMDYxNjktZjM1OS00MjI4LTgxYTAtZjIzODQ4NDVjYzU4XkEyXkFqcGc@._V1_QL75_UY207_CR2,0,140,207_.jpg"
229,El mago de Oz,1939,1h 42m,"8,1", 436 mil,"https://m.media-amazon.com/images/M/MV5BN2Y2ZjUzMDMtZDBkNS00OGE3LTk1NTEtZmRmODJlNzIxNDhiXkEyXkFqcGc@._V1_QL75_UX140_CR0,1,140,207_.jpg"
230,"Network, un mundo implacable",1976,2h 1m,"8,1", 174 mil,"https://m.media-amazon.com/images/M/MV5BZjI4ZjU5NDktZTU5YS00ZmQxLWI5YWYtMTJhY2ViMTcwMmJkXkEyXkFqcGc@._V1_QL75_UY207_CR3,0,140,207_.jpg"
231,Cuenta conmigo,1986,1h 29m,"8,1", 451 mil,"https://m.media-amazon.com/images/M/MV5BMjc4OTViZGEtNmIwYi00ZGM0LTliNTAtMTliNDhjMGE3NTE2XkEyXkFqcGc@._V1_QL75_UY207_CR2,0,140,207_.jpg"
232,Siempre a tu lado (Hachiko),2009,1h 33m,"8,1", 318 mil,"https://m.media-amazon.com/images/M/MV5BYjkxMjdlNjItZGEzMy00ZDAwLTg3MGEtZWYzYjAyZTdkYjAyXkEyXkFqcGc@._V1_QL75_UY207_CR1,0,140,207_.jpg"
233,Sonrisas y lágrimas,1965,2h 52m,"8,1", 266 mil,"https://m.media-amazon.com/images/M/MV5BMTM2Y2QzNzUtODI5Zi00NmEzLWEyOWUtMDhhOGU4NGFkOTYyXkEyXkFqcGc@._V1_QL75_UY207_CR4,0,140,207_.jpg"
234,Mi padre y mi hijo,2005,1h 52m,"8,2", 95 mil,"https://m.media-amazon.com/images/M/MV5BZDE3MTBkNmQtNGFjMC00YTcwLWExY2ItN2MyMGZkNWJlMmFmXkEyXkFqcGc@._V1_QL75_UX140_CR0,1,140,207_.jpg"
235,La doncella,2016,2h 25m,"8,1", 179 mil,"https://m.media-amazon.com/images/M/MV5BNTE4MTFkMWYtZDE4ZC00NDg2LTg5MzYtMTU2ZWExMGIyMWQ5XkEyXkFqcGc@._V1_QL75_UY207_CR3,0,140,207_.jpg"
236,Ser o no ser,1942,1h 39m,"8,1", 44 mil,"https://m.media-amazon.com/images/M/MV5BMjM0ZGQ0YTYtOTc4Ny00ZDc2LWE2NTUtMTJiYmVlZWIxOTY3XkEyXkFqcGc@._V1_QL75_UX140_CR0,11,140,207_.jpg"
237,Hacia rutas salvajes,2007,2h 28m,"8,1", 667 mil,"https://m.media-amazon.com/images/M/MV5BYmVmYmVmNzMtZTk3YS00ZjRlLTk0ZmItNGNlMjZkZWUxN2QxXkEyXkFqcGc@._V1_QL75_UY207_CR4,0,140,207_.jpg"
238,La batalla de Argel,1966,2h 1m,"8,1", 67 mil,"https://m.media-amazon.com/images/M/MV5BYTEyYWEzZmMtYTMyNi00NDI0LWIzZTAtOTE1NDIzOTQxNjJiXkEyXkFqcGc@._V1_QL75_UX140_CR0,0,140,207_.jpg"
239,Las uvas de la ira,1940,2h 9m,"8,1", 102 mil,"https://m.media-amazon.com/images/M/MV5BMjc4N2RjNWYtYTA2YS00NzA3LWJhNmEtNTJmYmY4ZmJlMzQ1XkEyXkFqcGc@._V1_QL75_UY207_CR2,0,140,207_.jpg"
240,Atrapado en el tiempo,1993,1h 41m,"8,0", 697 mil,"https://m.media-amazon.com/images/M/MV5BMjJiY2NhMTAtNDcyMS00NjU1LWE1ODAtYzc5MTE3MTE5ZTFkXkEyXkFqcGc@._V1_QL75_UY207_CR2,0,140,207_.jpg"
241,El gigante de hierro,1999,1h 26m,"8,1", 234 mil,"https://m.media-amazon.com/images/M/MV5BYzVmNmZmM2EtMWJiZi00ZmFiLTljMjEtYjk3OWYyZWZhNmI0XkEyXkFqcGc@._V1_QL75_UY207_CR3,0,140,207_.jpg"
242,Amores perros,2000,2h 34m,"8,0", 256 mil,"https://m.media-amazon.com/images/M/MV5BMmUzNDI1MDYtNmIxNC00NjczLTk0ZDEtYWFkZDcxMWVhYTEwXkEyXkFqcGc@._V1_QL75_UX140_CR0,1,140,207_.jpg"
243,Rebeca,1940,2h 10m,"8,1", 149 mil,"https://m.media-amazon.com/images/M/MV5BMjdlM2Y0ZDQtZmIzMi00NDVhLTk2M2ItMTRiZTRkOGIwNjA2XkEyXkFqcGc@._V1_QL75_UX140_CR0,3,140,207_.jpg"
244,Criadas y señoras,2011,2h 26m,"8,1", 501 mil,"https://m.media-amazon.com/images/M/MV5BYjQ0ZDQyNTItNDZmZS00ZmVlLTk4NzktOGM2NGQ1NzM4MjVkXkEyXkFqcGc@._V1_QL75_UY207_CR2,0,140,207_.jpg"
245,La leyenda del indomable,1967,2h 7m,"8,1", 191 mil,"https://m.media-amazon.com/images/M/MV5BOTA1MWM4YmYtOTU1Yi00ZWFiLTg1MTMtZjVmYjZhOGNjYWRkXkEyXkFqcGc@._V1_QL75_UX140_CR0,7,140,207_.jpg"
246,Sucedió una noche,1934,1h 45m,"8,1", 114 mil,"https://m.media-amazon.com/images/M/MV5BMDZiNzYwOTUtOGE5MS00ZTIxLTk1MjMtNTlkMjY0ZDU0MTViXkEyXkFqcGc@._V1_QL75_UY207_CR3,0,140,207_.jpg"
247,Gangs of Wasseypur,2012,5h 21m,"8,2", 106 mil,"https://m.media-amazon.com/images/M/MV5BMTc5NjY4MjUwNF5BMl5BanBnXkFtZTgwODM3NzM5MzE@._V1_QL75_UX140_CR0,0,140,207_.jpg"
248,"Paris, Texas",1984,2h 25m,"8,1", 125 mil,"https://m.media-amazon.com/images/M/MV5BYWY5YzE4YmUtZWFhMS00YjYxLWI5ZGUtNDEyNmMzNDVjMGEwXkEyXkFqcGc@._V1_QL75_UX140_CR0,4,140,207_.jpg"
249,Drishyam,2015,2h 43m,"8,2", 98 mil,"https://m.media-amazon.com/images/M/MV5BM2NmMGFjYTYtNWEwNS00MTM4LWE2ZTktNzZjMTE0OTQyNjFiXkEyXkFqcGc@._V1_QL75_UY207_CR2,0,140,207_.jpg"
